<?xml version="1.0" encoding="utf-8"?>
<!--/1754128/1377641/2.50/11/2/Connector/-->
<quadcept_library>
  <setting unit="mil" />
  <textstyle name="Default" height="47.244094488189" strokewidth="7.8740157480315" charwidth="47.244094488189" />
  <textstyle name="Dimension" height="19.6850393700787" strokewidth="0" charwidth="19.6850393700787" />
  <textstyle name="H127W0635TH00762" height="50" strokewidth="3" charwidth="25" />
  <textstyle name="H15W15TH02" height="59.0551181102362" strokewidth="7.8740157480315" charwidth="59.0551181102362" />
  <padstyle name="c150_h100" surface="False" plated="True" isvia="False" nopaste="True" nomask="True" complex="False" holesize="39.370078740157">
    <padshape layer="TOP" shape="round" width="59.055118110235" height="59.055118110235" />
    <padshape layer="TOP_SOLDER_MASK" shape="round" width="66.929133858267" height="66.929133858267" />
    <padshape layer="INNER" shape="round" width="59.055118110235" height="59.055118110235" />
    <padshape layer="BOTTOM" shape="round" width="59.055118110235" height="59.055118110235" />
    <padshape layer="BOTTOM_SOLDER_MASK" shape="round" width="66.929133858267" height="66.929133858267" />
  </padstyle>
  <padstyle name="c495_h330" surface="False" plated="True" isvia="False" nopaste="True" nomask="True" complex="False" holesize="129.92125984252">
    <padshape layer="TOP" shape="round" width="194.88188976378" height="194.88188976378" />
    <padshape layer="TOP_SOLDER_MASK" shape="round" width="202.75590551181" height="202.75590551181" />
    <padshape layer="INNER" shape="round" width="194.88188976378" height="194.88188976378" />
    <padshape layer="BOTTOM" shape="round" width="194.88188976378" height="194.88188976378" />
    <padshape layer="BOTTOM_SOLDER_MASK" shape="round" width="202.75590551181" height="202.75590551181" />
  </padstyle>
  <footprint name="23018431" originx="0" originy="0" pickpointx="0" pickpointy="0">
    <pcbpin number="1" name="1" style="c150_h100" originx="0" originy="0" rotation="90" />
    <pcbpin number="2" name="2" style="c150_h100" originx="109.44881889764" originy="0" rotation="90" />
    <pcbpin number="3" name="3" style="c150_h100" originx="218.89763779527" originy="0" rotation="90" />
    <pcbpin number="4" name="4" style="c150_h100" originx="328.34645669291" originy="0" rotation="90" />
    <pcbpin number="5" name="5" style="c150_h100" originx="437.79527559055" originy="0" rotation="90" />
    <pcbpin number="6" name="6" style="c150_h100" originx="54.724409448818" originy="-99.999999999999" rotation="90" />
    <pcbpin number="7" name="7" style="c150_h100" originx="164.17322834645" originy="-99.999999999999" rotation="90" />
    <pcbpin number="8" name="8" style="c150_h100" originx="273.62204724409" originy="-99.999999999999" rotation="90" />
    <pcbpin number="9" name="9" style="c150_h100" originx="383.07086614173" originy="-99.999999999999" rotation="90" />
    <pcbpin number="10" name="MH1" style="c495_h330" originx="-273.03149606299" originy="-49.999999999999" rotation="90" />
    <pcbpin number="11" name="MH2" style="c495_h330" originx="710.82677165353" originy="-49.999999999999" rotation="90" />
    <line layer="TOP_ASSEMBLY" originx="-387.59842519685" originy="66.141732283464" endx="825.39370078739" endy="66.141732283464" width="7.8740157480314" />
    <line layer="TOP_ASSEMBLY" originx="825.39370078739" originy="66.141732283464" endx="825.39370078739" endy="-510.62992125984" width="7.8740157480314" />
    <line layer="TOP_ASSEMBLY" originx="825.39370078739" originy="-510.62992125984" endx="-387.59842519685" endy="-510.62992125984" width="7.8740157480314" />
    <line layer="TOP_ASSEMBLY" originx="-387.59842519685" originy="-510.62992125984" endx="-387.59842519685" endy="66.141732283464" width="7.8740157480314" />
    <line layer="TOP_SILKSCREEN" originx="-387.59842519685" originy="66.141732283464" endx="825.39370078739" endy="66.141732283464" width="3.9370078740157" />
    <line layer="TOP_SILKSCREEN" originx="825.39370078739" originy="66.141732283464" endx="825.39370078739" endy="-510.62992125984" width="3.9370078740157" />
    <line layer="TOP_SILKSCREEN" originx="825.39370078739" originy="-510.62992125984" endx="-387.59842519685" endy="-510.62992125984" width="3.9370078740157" />
    <line layer="TOP_SILKSCREEN" originx="-387.59842519685" originy="-510.62992125984" endx="-387.59842519685" endy="66.141732283464" width="3.9370078740157" />
    <line layer="TOP_PLACE_BOUND" originx="-426.968503937" originy="105.51181102362" endx="864.76377952755" endy="105.51181102362" width="3.9370078740157" />
    <line layer="TOP_PLACE_BOUND" originx="864.76377952755" originy="105.51181102362" endx="864.76377952755" endy="-786.22047244094" width="3.9370078740157" />
    <line layer="TOP_PLACE_BOUND" originx="864.76377952755" originy="-786.22047244094" endx="-426.968503937" endy="-786.22047244094" width="3.9370078740157" />
    <line layer="TOP_PLACE_BOUND" originx="-426.968503937" originy="-786.22047244094" endx="-426.968503937" endy="105.51181102362" width="3.9370078740157" />
    <line layer="TOP_ASSEMBLY" originx="-113.77952755905" originy="-510.62992125984" endx="-113.77952755905" endy="-746.85039370078" width="7.8740157480314" />
    <line layer="TOP_ASSEMBLY" originx="-113.77952755905" originy="-746.85039370078" endx="551.5748031496" endy="-746.85039370078" width="7.8740157480314" />
    <line layer="TOP_ASSEMBLY" originx="551.5748031496" originy="-746.85039370078" endx="551.5748031496" endy="-510.62992125984" width="7.8740157480314" />
  </footprint>
  <symbol name="2301843-1" originx="0" originy="0">
    <line originx="200" originy="300" endx="800" endy="300" width="0" />
    <line originx="800" originy="-300" endx="800" endy="300" width="0" />
    <line originx="800" originy="-300" endx="200" endy="-300" width="0" />
    <line originx="200" originy="300" endx="200" endy="-300" width="0" />
    <sympin number="1" originx="300" originy="300" rotation="90" length="100" width="7.8740157480315" flipped="False">
      <text name="pinname" originx="300" originy="270" style="Default" rotation="0" justify="right" flipped="False" hidden="False" data="1" />
      <text name="pindes" originx="280" originy="360" style="Default" rotation="0" justify="lowerleft" flipped="False" hidden="False" data="1" />
    </sympin>
    <sympin number="2" originx="400" originy="300" rotation="90" length="100" width="7.8740157480315" flipped="False">
      <text name="pinname" originx="400" originy="270" style="Default" rotation="0" justify="right" flipped="False" hidden="False" data="2" />
      <text name="pindes" originx="380" originy="360" style="Default" rotation="0" justify="lowerleft" flipped="False" hidden="False" data="2" />
    </sympin>
    <sympin number="3" originx="500" originy="300" rotation="90" length="100" width="7.8740157480315" flipped="False">
      <text name="pinname" originx="500" originy="270" style="Default" rotation="0" justify="right" flipped="False" hidden="False" data="3" />
      <text name="pindes" originx="480" originy="360" style="Default" rotation="0" justify="lowerleft" flipped="False" hidden="False" data="3" />
    </sympin>
    <sympin number="4" originx="600" originy="300" rotation="90" length="100" width="7.8740157480315" flipped="False">
      <text name="pinname" originx="600" originy="270" style="Default" rotation="0" justify="right" flipped="False" hidden="False" data="4" />
      <text name="pindes" originx="580" originy="360" style="Default" rotation="0" justify="lowerleft" flipped="False" hidden="False" data="4" />
    </sympin>
    <sympin number="5" originx="700" originy="300" rotation="90" length="100" width="7.8740157480315" flipped="False">
      <text name="pinname" originx="700" originy="270" style="Default" rotation="0" justify="right" flipped="False" hidden="False" data="5" />
      <text name="pindes" originx="680" originy="360" style="Default" rotation="0" justify="lowerleft" flipped="False" hidden="False" data="5" />
    </sympin>
    <sympin number="6" originx="300" originy="-300" rotation="270" length="100" width="7.8740157480315" flipped="False">
      <text name="pinname" originx="300" originy="-270" style="Default" rotation="0" justify="left" flipped="False" hidden="False" data="6" />
      <text name="pindes" originx="280" originy="-360" style="Default" rotation="0" justify="lowerright" flipped="False" hidden="False" data="6" />
    </sympin>
    <sympin number="7" originx="400" originy="-300" rotation="270" length="100" width="7.8740157480315" flipped="False">
      <text name="pinname" originx="400" originy="-270" style="Default" rotation="0" justify="left" flipped="False" hidden="False" data="7" />
      <text name="pindes" originx="380" originy="-360" style="Default" rotation="0" justify="lowerright" flipped="False" hidden="False" data="7" />
    </sympin>
    <sympin number="8" originx="500" originy="-300" rotation="270" length="100" width="7.8740157480315" flipped="False">
      <text name="pinname" originx="500" originy="-270" style="Default" rotation="0" justify="left" flipped="False" hidden="False" data="8" />
      <text name="pindes" originx="480" originy="-360" style="Default" rotation="0" justify="lowerright" flipped="False" hidden="False" data="8" />
    </sympin>
    <sympin number="9" originx="600" originy="-300" rotation="270" length="100" width="7.8740157480315" flipped="False">
      <text name="pinname" originx="600" originy="-270" style="Default" rotation="0" justify="left" flipped="False" hidden="False" data="9" />
      <text name="pindes" originx="580" originy="-360" style="Default" rotation="0" justify="lowerright" flipped="False" hidden="False" data="9" />
    </sympin>
    <sympin number="10" originx="200" originy="0" rotation="180" length="100" width="7.8740157480315" flipped="False">
      <text name="pinname" originx="230" originy="0" style="Default" rotation="0" justify="left" flipped="False" hidden="False" data="MH1" />
      <text name="pindes" originx="140" originy="20" style="Default" rotation="0" justify="lowerright" flipped="False" hidden="False" data="MH1" />
    </sympin>
    <sympin number="11" originx="800" originy="0" rotation="0" length="100" width="7.8740157480315" flipped="False">
      <text name="pinname" originx="770" originy="0" style="Default" rotation="0" justify="right" flipped="False" hidden="False" data="MH2" />
      <text name="pindes" originx="860" originy="20" style="Default" rotation="0" justify="lowerleft" flipped="False" hidden="False" data="MH2" />
    </sympin>
  </symbol>
  <component name="2301843-1" designatorprefix="J" height="549.40944881889" footprint="23018431">
    <comppin designator="1" sympin="1" pinswap="0" gateswap="0" gate="1" group="1" side="" type="Any" name="1" />
    <comppin designator="2" sympin="2" pinswap="0" gateswap="0" gate="1" group="1" side="" type="Any" name="2" />
    <comppin designator="3" sympin="3" pinswap="0" gateswap="0" gate="1" group="1" side="" type="Any" name="3" />
    <comppin designator="4" sympin="4" pinswap="0" gateswap="0" gate="1" group="1" side="" type="Any" name="4" />
    <comppin designator="5" sympin="5" pinswap="0" gateswap="0" gate="1" group="1" side="" type="Any" name="5" />
    <comppin designator="6" sympin="6" pinswap="0" gateswap="0" gate="1" group="1" side="" type="Any" name="6" />
    <comppin designator="7" sympin="7" pinswap="0" gateswap="0" gate="1" group="1" side="" type="Any" name="7" />
    <comppin designator="8" sympin="8" pinswap="0" gateswap="0" gate="1" group="1" side="" type="Any" name="8" />
    <comppin designator="9" sympin="9" pinswap="0" gateswap="0" gate="1" group="1" side="" type="Any" name="9" />
    <comppin designator="MH1" sympin="10" pinswap="0" gateswap="0" gate="1" group="1" side="" type="Any" name="MH1" />
    <comppin designator="MH2" sympin="11" pinswap="0" gateswap="0" gate="1" group="1" side="" type="Any" name="MH2" />
    <attached_symbol gate="1" name="2301843-1" />
    <pinmap designator="1" footprintpin="1" />
    <pinmap designator="2" footprintpin="2" />
    <pinmap designator="3" footprintpin="3" />
    <pinmap designator="4" footprintpin="4" />
    <pinmap designator="5" footprintpin="5" />
    <pinmap designator="6" footprintpin="6" />
    <pinmap designator="7" footprintpin="7" />
    <pinmap designator="8" footprintpin="8" />
    <pinmap designator="9" footprintpin="9" />
    <pinmap designator="MH1" footprintpin="10" />
    <pinmap designator="MH2" footprintpin="11" />
    <text name="Datasheet" originx="0" originy="0" style="Default" rotation="0" justify="" flipped="False" hidden="True" data="https://componentsearchengine.com/Datasheets/2/2301843-1.pdf" />
    <text name="Description" originx="0" originy="0" style="Default" rotation="0" justify="" flipped="False" hidden="True" data="Body Features: Primary Product Color Black | Connector Profile Standard | Configuration Features: Number of Positions 9 | PCB Mount Orientation Right Angle | Number of Rows 2 | Contact Features: Contact Current Rating (Max) 2 AMP | Contact Shape &amp; Form Round | Dimensions: Row-to-Row Spacing 2.84 MM | Row-to-Row Spacing .111 INCH | Housing Features: Centerline (Pitch) 2.77 MM | Centerline (Pitch) .109 INCH | Housing Material PBT GF | Mechanical Attachment: PCB Mount Retention Type Boardlock | Mating Retentio" />
    <text name="Mouser Part Number" originx="0" originy="0" style="Default" rotation="0" justify="" flipped="False" hidden="True" data="571-2301843-1" />
    <text name="Mouser Price/Stock" originx="0" originy="0" style="Default" rotation="0" justify="" flipped="False" hidden="True" data="https://www.mouser.co.uk/ProductDetail/TE-Connectivity-AMP/2301843-1?qs=rrS6PyfT74crws9wAQVNoA%3D%3D" />
    <text name="Manufacturer_Name" originx="0" originy="0" style="Default" rotation="0" justify="" flipped="False" hidden="True" data="TE Connectivity" />
    <text name="Manufacturer_Part_Number" originx="850" originy="400" style="Default" rotation="0" justify="left" flipped="False" hidden="False" data="2301843-1" />
  </component>
</quadcept_library>
