<?xml version="1.0" encoding="utf-8"?>
<!--/18853002/1377641/2.50/11/3/Connector/-->
<quadcept_library>
  <setting unit="mil" />
  <textstyle name="Default" height="47.244094488189" strokewidth="7.8740157480315" charwidth="47.244094488189" />
  <textstyle name="Dimension" height="19.6850393700787" strokewidth="0" charwidth="19.6850393700787" />
  <textstyle name="H127W0635TH00762" height="50" strokewidth="3" charwidth="25" />
  <textstyle name="H15W15TH02" height="59.0551181102362" strokewidth="7.8740157480315" charwidth="59.0551181102362" />
  <padstyle name="c140_h90" surface="False" plated="True" isvia="False" nopaste="True" nomask="True" complex="False" holesize="35.433070866141">
    <padshape layer="TOP" shape="round" width="55.11811023622" height="55.11811023622" />
    <padshape layer="TOP_SOLDER_MASK" shape="round" width="62.992125984251" height="62.992125984251" />
    <padshape layer="INNER" shape="round" width="55.11811023622" height="55.11811023622" />
    <padshape layer="BOTTOM" shape="round" width="55.11811023622" height="55.11811023622" />
    <padshape layer="BOTTOM_SOLDER_MASK" shape="round" width="62.992125984251" height="62.992125984251" />
  </padstyle>
  <padstyle name="s140_h90" surface="False" plated="True" isvia="False" nopaste="True" nomask="True" complex="False" holesize="35.433070866141">
    <padshape layer="TOP" shape="square" width="55.11811023622" height="55.11811023622" />
    <padshape layer="TOP_SOLDER_MASK" shape="square" width="62.992125984251" height="62.992125984251" />
    <padshape layer="INNER" shape="square" width="55.11811023622" height="55.11811023622" />
    <padshape layer="BOTTOM" shape="square" width="55.11811023622" height="55.11811023622" />
    <padshape layer="BOTTOM_SOLDER_MASK" shape="square" width="62.992125984251" height="62.992125984251" />
  </padstyle>
  <padstyle name="c465_h310" surface="False" plated="True" isvia="False" nopaste="True" nomask="True" complex="False" holesize="122.04724409449">
    <padshape layer="TOP" shape="round" width="183.07086614173" height="183.07086614173" />
    <padshape layer="TOP_SOLDER_MASK" shape="round" width="190.94488188976" height="190.94488188976" />
    <padshape layer="INNER" shape="round" width="183.07086614173" height="183.07086614173" />
    <padshape layer="BOTTOM" shape="round" width="183.07086614173" height="183.07086614173" />
    <padshape layer="BOTTOM_SOLDER_MASK" shape="round" width="190.94488188976" height="190.94488188976" />
  </padstyle>
  <footprint name="LD09S13A4GX00LF" originx="0" originy="0" pickpointx="0" pickpointy="0">
    <pcbpin number="1" name="1" style="s140_h90" originx="0" originy="0" rotation="90" />
    <pcbpin number="2" name="2" style="c140_h90" originx="-107.87401574803" originy="0" rotation="90" />
    <pcbpin number="3" name="3" style="c140_h90" originx="-215.74803149606" originy="0" rotation="90" />
    <pcbpin number="4" name="4" style="c140_h90" originx="-323.62204724409" originy="0" rotation="90" />
    <pcbpin number="5" name="5" style="c140_h90" originx="-431.49606299212" originy="0" rotation="90" />
    <pcbpin number="6" name="6" style="c140_h90" originx="-53.937007874015" originy="-99.999999999999" rotation="90" />
    <pcbpin number="7" name="7" style="c140_h90" originx="-161.81102362205" originy="-99.999999999999" rotation="90" />
    <pcbpin number="8" name="8" style="c140_h90" originx="-269.68503937008" originy="-99.999999999999" rotation="90" />
    <pcbpin number="9" name="9" style="c140_h90" originx="-377.55905511811" originy="-99.999999999999" rotation="90" />
    <pcbpin number="10" name="10" style="c465_h310" originx="276.1811023622" originy="-49.999999999999" rotation="90" />
    <pcbpin number="11" name="11" style="c465_h310" originx="-707.67716535432" originy="-49.999999999999" rotation="90" />
    <line layer="TOP_ASSEMBLY" originx="-822.24409448818" originy="67.322834645668" endx="390.74803149606" endy="67.322834645668" width="3.9370078740157" />
    <line layer="TOP_ASSEMBLY" originx="390.74803149606" originy="67.322834645668" endx="390.74803149606" endy="-509.44881889763" width="3.9370078740157" />
    <line layer="TOP_ASSEMBLY" originx="390.74803149606" originy="-509.44881889763" endx="-822.24409448818" endy="-509.44881889763" width="3.9370078740157" />
    <line layer="TOP_ASSEMBLY" originx="-822.24409448818" originy="-509.44881889763" endx="-822.24409448818" endy="67.322834645668" width="3.9370078740157" />
    <line layer="TOP_SILKSCREEN" originx="-822.24409448818" originy="67.322834645668" endx="390.74803149606" endy="67.322834645668" width="7.8740157480314" />
    <line layer="TOP_SILKSCREEN" originx="390.74803149606" originy="67.322834645668" endx="390.74803149606" endy="-509.44881889763" width="7.8740157480314" />
    <line layer="TOP_SILKSCREEN" originx="390.74803149606" originy="-509.44881889763" endx="-822.24409448818" endy="-509.44881889763" width="7.8740157480314" />
    <line layer="TOP_SILKSCREEN" originx="-822.24409448818" originy="-509.44881889763" endx="-822.24409448818" endy="67.322834645668" width="7.8740157480314" />
    <line layer="TOP_PLACE_BOUND" originx="-861.61417322834" originy="106.69291338583" endx="430.11811023622" endy="106.69291338583" width="3.9370078740157" />
    <line layer="TOP_PLACE_BOUND" originx="430.11811023622" originy="106.69291338583" endx="430.11811023622" endy="-791.73228346456" width="3.9370078740157" />
    <line layer="TOP_PLACE_BOUND" originx="430.11811023622" originy="-791.73228346456" endx="-861.61417322834" endy="-791.73228346456" width="3.9370078740157" />
    <line layer="TOP_PLACE_BOUND" originx="-861.61417322834" originy="-791.73228346456" endx="-861.61417322834" endy="106.69291338583" width="3.9370078740157" />
    <line layer="TOP_ASSEMBLY" originx="-534.84251968503" originy="-509.44881889763" endx="-534.84251968503" endy="-752.3622047244" width="3.9370078740157" />
    <line layer="TOP_ASSEMBLY" originx="-534.84251968503" originy="-752.3622047244" endx="103.34645669291" endy="-752.3622047244" width="3.9370078740157" />
    <line layer="TOP_ASSEMBLY" originx="103.34645669291" originy="-752.3622047244" endx="103.34645669291" endy="-509.44881889763" width="3.9370078740157" />
    <line layer="TOP_SILKSCREEN" originx="-534.84251968503" originy="-509.44881889763" endx="-534.84251968503" endy="-752.3622047244" width="7.8740157480314" />
    <line layer="TOP_SILKSCREEN" originx="-534.84251968503" originy="-752.3622047244" endx="103.34645669291" endy="-752.3622047244" width="7.8740157480314" />
    <line layer="TOP_SILKSCREEN" originx="103.34645669291" originy="-752.3622047244" endx="103.34645669291" endy="-509.44881889763" width="7.8740157480314" />
    <line layer="TOP_SILKSCREEN" originx="0" originy="86.614173228345" endx="0" endy="86.614173228345" width="3.9370078740157" />
    <arc layer="TOP_SILKSCREEN" originx="-7.102804783527E-15" originy="88.582677165353" startangle="-90.0" sweepangle="180.0" radius="1.9685039370078" width="3.9370078740157" />
    <line layer="TOP_SILKSCREEN" originx="0" originy="90.551181102361" endx="0" endy="90.551181102361" width="3.9370078740157" />
    <arc layer="TOP_SILKSCREEN" originx="-7.102804783527E-15" originy="88.582677165353" startangle="90.0" sweepangle="180.0" radius="1.9685039370078" width="3.9370078740157" />
  </footprint>
  <symbol name="LD09S13A4GX00LF" originx="0" originy="0">
    <line originx="200" originy="300" endx="800" endy="300" width="0" />
    <line originx="800" originy="-300" endx="800" endy="300" width="0" />
    <line originx="800" originy="-300" endx="200" endy="-300" width="0" />
    <line originx="200" originy="300" endx="200" endy="-300" width="0" />
    <sympin number="1" originx="700" originy="300" rotation="90" length="100" width="7.8740157480315" flipped="False">
      <text name="pinname" originx="700" originy="270" style="Default" rotation="0" justify="right" flipped="False" hidden="False" data="1" />
      <text name="pindes" originx="680" originy="360" style="Default" rotation="0" justify="lowerleft" flipped="False" hidden="False" data="1" />
    </sympin>
    <sympin number="2" originx="600" originy="300" rotation="90" length="100" width="7.8740157480315" flipped="False">
      <text name="pinname" originx="600" originy="270" style="Default" rotation="0" justify="right" flipped="False" hidden="False" data="2" />
      <text name="pindes" originx="580" originy="360" style="Default" rotation="0" justify="lowerleft" flipped="False" hidden="False" data="2" />
    </sympin>
    <sympin number="3" originx="500" originy="300" rotation="90" length="100" width="7.8740157480315" flipped="False">
      <text name="pinname" originx="500" originy="270" style="Default" rotation="0" justify="right" flipped="False" hidden="False" data="3" />
      <text name="pindes" originx="480" originy="360" style="Default" rotation="0" justify="lowerleft" flipped="False" hidden="False" data="3" />
    </sympin>
    <sympin number="4" originx="400" originy="300" rotation="90" length="100" width="7.8740157480315" flipped="False">
      <text name="pinname" originx="400" originy="270" style="Default" rotation="0" justify="right" flipped="False" hidden="False" data="4" />
      <text name="pindes" originx="380" originy="360" style="Default" rotation="0" justify="lowerleft" flipped="False" hidden="False" data="4" />
    </sympin>
    <sympin number="5" originx="300" originy="300" rotation="90" length="100" width="7.8740157480315" flipped="False">
      <text name="pinname" originx="300" originy="270" style="Default" rotation="0" justify="right" flipped="False" hidden="False" data="5" />
      <text name="pindes" originx="280" originy="360" style="Default" rotation="0" justify="lowerleft" flipped="False" hidden="False" data="5" />
    </sympin>
    <sympin number="6" originx="600" originy="-300" rotation="270" length="100" width="7.8740157480315" flipped="False">
      <text name="pinname" originx="600" originy="-270" style="Default" rotation="0" justify="left" flipped="False" hidden="False" data="6" />
      <text name="pindes" originx="580" originy="-360" style="Default" rotation="0" justify="lowerright" flipped="False" hidden="False" data="6" />
    </sympin>
    <sympin number="7" originx="500" originy="-300" rotation="270" length="100" width="7.8740157480315" flipped="False">
      <text name="pinname" originx="500" originy="-270" style="Default" rotation="0" justify="left" flipped="False" hidden="False" data="7" />
      <text name="pindes" originx="480" originy="-360" style="Default" rotation="0" justify="lowerright" flipped="False" hidden="False" data="7" />
    </sympin>
    <sympin number="8" originx="400" originy="-300" rotation="270" length="100" width="7.8740157480315" flipped="False">
      <text name="pinname" originx="400" originy="-270" style="Default" rotation="0" justify="left" flipped="False" hidden="False" data="8" />
      <text name="pindes" originx="380" originy="-360" style="Default" rotation="0" justify="lowerright" flipped="False" hidden="False" data="8" />
    </sympin>
    <sympin number="9" originx="300" originy="-300" rotation="270" length="100" width="7.8740157480315" flipped="False">
      <text name="pinname" originx="300" originy="-270" style="Default" rotation="0" justify="left" flipped="False" hidden="False" data="9" />
      <text name="pindes" originx="280" originy="-360" style="Default" rotation="0" justify="lowerright" flipped="False" hidden="False" data="9" />
    </sympin>
    <sympin number="10" originx="800" originy="0" rotation="0" length="100" width="7.8740157480315" flipped="False">
      <text name="pinname" originx="770" originy="0" style="Default" rotation="0" justify="right" flipped="False" hidden="False" data="MH1" />
      <text name="pindes" originx="860" originy="20" style="Default" rotation="0" justify="lowerleft" flipped="False" hidden="False" data="10" />
    </sympin>
    <sympin number="11" originx="200" originy="0" rotation="180" length="100" width="7.8740157480315" flipped="False">
      <text name="pinname" originx="230" originy="0" style="Default" rotation="0" justify="left" flipped="False" hidden="False" data="MH2" />
      <text name="pindes" originx="140" originy="20" style="Default" rotation="0" justify="lowerright" flipped="False" hidden="False" data="11" />
    </sympin>
  </symbol>
  <component name="LD09S13A4GX00LF" designatorprefix="J" height="545.66929133858" footprint="LD09S13A4GX00LF">
    <comppin designator="1" sympin="1" pinswap="0" gateswap="0" gate="1" group="1" side="" type="Any" name="1" />
    <comppin designator="2" sympin="2" pinswap="0" gateswap="0" gate="1" group="1" side="" type="Any" name="2" />
    <comppin designator="3" sympin="3" pinswap="0" gateswap="0" gate="1" group="1" side="" type="Any" name="3" />
    <comppin designator="4" sympin="4" pinswap="0" gateswap="0" gate="1" group="1" side="" type="Any" name="4" />
    <comppin designator="5" sympin="5" pinswap="0" gateswap="0" gate="1" group="1" side="" type="Any" name="5" />
    <comppin designator="6" sympin="6" pinswap="0" gateswap="0" gate="1" group="1" side="" type="Any" name="6" />
    <comppin designator="7" sympin="7" pinswap="0" gateswap="0" gate="1" group="1" side="" type="Any" name="7" />
    <comppin designator="8" sympin="8" pinswap="0" gateswap="0" gate="1" group="1" side="" type="Any" name="8" />
    <comppin designator="9" sympin="9" pinswap="0" gateswap="0" gate="1" group="1" side="" type="Any" name="9" />
    <comppin designator="10" sympin="10" pinswap="0" gateswap="0" gate="1" group="1" side="" type="Any" name="MH1" />
    <comppin designator="11" sympin="11" pinswap="0" gateswap="0" gate="1" group="1" side="" type="Any" name="MH2" />
    <attached_symbol gate="1" name="LD09S13A4GX00LF" />
    <pinmap designator="1" footprintpin="1" />
    <pinmap designator="2" footprintpin="2" />
    <pinmap designator="3" footprintpin="3" />
    <pinmap designator="4" footprintpin="4" />
    <pinmap designator="5" footprintpin="5" />
    <pinmap designator="6" footprintpin="6" />
    <pinmap designator="7" footprintpin="7" />
    <pinmap designator="8" footprintpin="8" />
    <pinmap designator="9" footprintpin="9" />
    <pinmap designator="10" footprintpin="10" />
    <pinmap designator="11" footprintpin="11" />
    <text name="Datasheet" originx="0" originy="0" style="Default" rotation="0" justify="" flipped="False" hidden="True" data="https://cdn.amphenol-cs.com/media/wysiwyg/files/drawing/10130913.pdf" />
    <text name="Description" originx="0" originy="0" style="Default" rotation="0" justify="" flipped="False" hidden="True" data="D-Subminiature Economy Range, Input Output Connectors, Signal 9 way Socket Right Angle, Solder Europe standard, 50 cycles, Harpoons + Threaded Insert UNC 4 - 40 + Elec cont., 1.6 mm PCB thickness" />
    <text name="Mouser Part Number" originx="0" originy="0" style="Default" rotation="0" justify="" flipped="False" hidden="True" data="" />
    <text name="Mouser Price/Stock" originx="0" originy="0" style="Default" rotation="0" justify="" flipped="False" hidden="True" data="" />
    <text name="Manufacturer_Name" originx="0" originy="0" style="Default" rotation="0" justify="" flipped="False" hidden="True" data="Amphenol Communications Solutions" />
    <text name="Manufacturer_Part_Number" originx="850" originy="400" style="Default" rotation="0" justify="left" flipped="False" hidden="False" data="LD09S13A4GX00LF" />
  </component>
</quadcept_library>
